Level,Lesson,Word,Pattern
KOR102,L08,가운데,\s가운데/NNG
KOR102,L08,건너편,\s건너편/NNG
KOR102,L08,경복궁,\s경복궁/NN.
KOR102,L08,광화문,\s광화문/NN.
KOR102,L08,교회,\s교회/NN.
KOR102,L08,꽃집,\s꽃집/NN.
KOR102,L08,동네,\s동네/NN.
KOR102,L08,서울,\s서울/NN.
KOR102,L08,슈퍼,\s슈퍼/NN.
KOR102,L08,약국,\s약국/NN.
KOR102,L08,지도,\s지도/NN.
KOR102,L08,쪽,\s쪽/NN.
KOR102,L08,초등학교,\s초등학교/NN.
KOR102,L08,군데,\s군데/NN.
KOR102,L08; L15,번,\s번/NN.
KOR102,L08,여기,\s여기/NP
KOR102,L08,거기,\s거기/NP
KOR102,L08,저기,\s저기/NP
KOR102,L08,내리다,\s내리/VV
KOR102,L08,타다,\s타/VV
KOR102,L08,깨끗하다,\s깨끗/XR
KOR102,L08,따뜻하다,\s따뜻/XR
KOR102,L08,조용하다,\s조용/XR
KOR102,L08,여러,\s여러/MM
KOR102,L08,이,\s이/MM
KOR102,L08,그,\s그/MM
KOR102,L08,저,\s저/MM
KOR102,L08,근처,\s근처/NN.
KOR102,L08,덕수궁,\s덕수궁/NN.
KOR102,L08,말씀,\s말씀/NN.
KOR102,L08,시청,\s시청/NN.
KOR102,L08,역,\s역/NN.
KOR102,L08,오른쪽,\s오른쪽/NN.
KOR102,L08,왼쪽,\s왼쪽/NN.
KOR102,L08,우표,\s우표/NN.
KOR102,L08,은행,\s은행/NN.
KOR102,L08,의사,\s의사/NN.
KOR102,L08,처음,\s처음/NN.
KOR102,L08,좀,\s좀/MAG
KOR102,L08,쭉,\s쭉/MAG
KOR102,L08,호선,\s호선/NN.
KOR102,L08,돌다,\s돌/VV
KOR102,L08,팔다,\s팔/VV
KOR102,L08,묻다,\s(묻|물)/VV
KOR102,L08,보이다,\s보이/VV
KOR102,L08,뵙다,\s(뵈|뵙)/VV
KOR102,L08,감사하다,\s감사/NNG 하/XS.
KOR102,L08,미안하다,\s미안/XR
KOR102,L08; L15,이쪽,\s이쪽/NP
KOR102,L08,그쪽,\s그쪽/NP
KOR102,L08,저쪽,\s저쪽/NP
KOR102,L09,건물,\s건물/NN.
KOR102,L09,돈,\s돈/NN.
KOR102,L09,돌,\s돌/NN.
KOR102,L09,며칠,\s며칠/NN.
KOR102,L09,모자,\s모자/NN.
KOR102,L09,번호,\s번호/NN.
KOR102,L09,올해,\s올해/NN.
KOR102,L09,이메일,\s이메일/NN.
KOR102,L09,잔치,\s잔치/NN.
KOR102,L09,카드,\s카드/NN.
KOR102,L09,편지,\s편지/NN.
KOR102,L09,보내다,\s보내/VV
KOR102,L09,축하하다,\s축하/NNG 하/XS.
KOR102,L09,길다,\s길/VA
KOR102,L09,짧다,\s짧/VA
KOR102,L09,가족,\s가족/NN.
KOR102,L09,나이,\s나이/NN.
KOR102,L09,딸,\s딸/NN.
KOR102,L09,댁,\s댁/NN.
KOR102,L09,사진,\s사진/NN.
KOR102,L09,생신,\s생신/NN.
KOR102,L09,성함,\s성함/NN.
KOR102,L09,스웨터,\s스웨터/NN.
KOR102,L09,아들,\s아들/NN.
KOR102,L09,연세,\s연세/NN.
KOR102,L09,작년,\s작년/NN.
KOR102,L09,장갑,\s장갑/NN.
KOR102,L09,할머니,\s할머니/NN.
KOR102,L09,할아버지,\s할아버지/NN.
KOR102,L09,살,\s살/NN.
KOR102,L09,분,\s분/NN.
KOR102,L09,돌아가시다,\s돌아가/VV 시/EP
KOR102,L09,드리다,\s드리/VV
KOR102,L09,드시다,\s들/VX 시/EP
KOR102,L09,주무시다,\s주무/NNG 시/
KOR102,L09,죽다,\s죽/VV
KOR102,L09,찍다,\s찍/VV
KOR102,L09,건강하다,\s건강/NNG 하/XS.
KOR102,L09,즐겁다,\s즐겁/VA
KOR102,L09,모두,\s모두/MAG
KOR102,L09; L10,일,\s일/NN.
KOR102,L09,실,\s실/NN.
KOR102,L09,부자,\s부자/NN.
KOR102,L09,뜻하다,\s뜻/NNG 하/XS.
KOR102,L09,잡다,\s잡/VV
KOR102,L10,교수,\s교수/NN.
KOR102,L10,동안,\s그?동안/NN.
KOR102,L10,문화,\s문화/NN.
KOR102,L10,밖,\s밖/NN.
KOR102,L10,시드니,\s시드니/NN.
KOR102,L10,연구실,\s연구실/NN.
KOR102,L10,택시,\s택시/NN.
KOR102,L10,호주,\s호주/NN.
KOR102,L10,놀다,\s놀/VV
KOR102,L10,시작하다,\s시작/NNG 하/XS.
KOR102,L10,싶다,\s싶/VX
KOR102,L10,죄송하다,\s죄송/XR
KOR102,L10,그냥,\s그냥/MAG
KOR102,L10,굉장히,\s굉장히/MAG
KOR102,L10,일찍,\s일찍/MAG
KOR102,L10,얼마 동안,\s얼마/NNG ?동안/NN.
KOR102,L10,가수,\s가수/NN.
KOR102,L10,교통,\s교통/NN.
KOR102,L10,날,\s날/NN.
KOR102,L10,머리,\s머리/NN.
KOR102,L10,다음부터(는),\s다음/NNG 부터/JX
KOR102,L10,무척,\s그냥/MAG
KOR102,L10,직접,\s그냥/MAG
KOR102,L10,늦다,\s늦/VA
KOR102,L10,들어오다,\s들어오/VV
KOR102,L10,이사하다,\s이사/NN. 하/XS.
KOR102,L10,막히다,\s찍/VV
KOR102,L10,복잡하다,\s복잡/XR
KOR102,L10,불편하다,\s불편/NNG 하/XS.
KOR102,L10,빠르다,\s빠르/VA
KOR102,L10,아프다,\s아프/VA
KOR102,L10,편하다,\s편하/VA
KOR102,L10,그렇지만,\s그렇지만/MAJ
KOR102,L10,똑똑,\s똑똑/XR 하/[^(XS)]
KOR102,L11,갈비,\s갈비/NN.
KOR102,L11,물,\s물/NN.
KOR102,L11,바닷가,\s바닷가/NN.
KOR102,L11,밴쿠버,\s밴쿠버/NN.
KOR102,L11,불고기,\s불고기/NN.
KOR102,L11,생활,\s생활/NN.
KOR102,L11,어젯밤,\s어젯밤/NN.
KOR102,L11,차,\s차/NN.
KOR102,L11,청바지,\s청바지/NN.
KOR102,L11,캐나다,\s캐나다/NN.
KOR102,L11,잔,\s잔/NN.
KOR102,L11,어떤,\s어떤/MM
KOR102,L11,되다,\s되/VV
KOR102,L11,눈(이) 오다,"\s눈/NNG (\w{1,3}/\w{2,3} ){0,3}오/VV"
KOR102,L11,사귀다,\s사귀/VV
KOR102,L11; L12,쓰다,\s쓰/VV
KOR102,L11,착하다,\s착하/VA
KOR102,L11,친절하다,\s친절/NNG 하/XS.
KOR102,L11,골프,\s골프/NN.
KOR102,L11,기차,\s기차/NN.
KOR102,L11,연극,\s연극/NN.
KOR102,L11,인터넷,\s인터넷/NN.
KOR102,L11,입구,\s입구/NN.
KOR102,L11,끝나다,\s찍/VV
KOR102,L11,쉬다,\s찍/VV
KOR102,L11,알아보다,\s찍/VV
KOR102,L11,찾다,\s찍/VV
KOR102,L11,춤(을) 추다,\s찍/VV
KOR102,L11,힘(이) 들다,\s힘들/VA
KOR102,L11,힘(이) 들다,"\s힘/NNG (\w{1,3}/\w{2,3} ){0,3}들/VV"
KOR102,L11,다,\s다/MAG
KOR102,L11,벌써,\s벌써/MAG
KOR102,L11,까지,까지/JX
KOR102,L11,밖에,밖에/JX
KOR102,L11,부터,부터/JX
KOR102,L11,글쎄요,\s글쎄
KOR102,L12,데,\s데/NNB
KOR102,L12,동부,\s동부/NN.
KOR102,L12,막내,\s막내/NN.
KOR102,L12,바지,\s바지/NN.
KOR102,L12,밤,\s밤/NN.
KOR102,L12,부엌,\s부엌/NN.
KOR102,L12,셔츠,\s셔츠/NN.
KOR102,L12,형제,\s형제/NN.
KOR102,L12,첫,\s첫/MM
KOR102,L12,다르다,\s다르/VA
KOR102,L12,피곤하다,\s피곤NN. 하/XS.
KOR102,L12,결혼하다,\s결혼/NN.
KOR102,L12,기다리다,\s기다리/VV
KOR102,L12,자라다,\s자라/VV
KOR102,L12,태어나다,\s태어나/VV
KOR102,L12,아직,\s아직/MAG
KOR102,L12,째/번째,\s째/XSN
KOR102,L12,눈,\s눈/NN.
KOR102,L12,색/색깔,\s색깔?/NN.
KOR102,L12,안경,\s안경/NN.
KOR102,L12,한복,\s한복/NN.
KOR102,L12,형님,\s형님/NN.
KOR102,L12,끼다,\s끼/VV
KOR102,L12,나오다,\s나오/VV
KOR102,L12,다니다,\s다니/VV
KOR102,L12,닮다,\s닮/VV
KOR102,L12,입다,\s입/VV
KOR102,L12,까맣다,\s까맣/VA
KOR102,L12,노랗다,\s노랗/VA
KOR102,L12,빨갛다,\s빨갛/VA
KOR102,L12,키가 작다,"\s키/NNG (\w{1,3}/\w{2,3} ){0,3}작/VA"
KOR102,L12,키가 크다,"\s키/NNG (\w{1,3}/\w{2,3} ){0,3}크/VA"
KOR102,L12,파랗다,\s파랗/VA
KOR102,L12,하얗다,\s하얗/VA
KOR102,L12,또,\s또/MAJ
KOR102,L12,오래,\s오래/MAG
KOR102,L12,어머,\s어머/IC
KOR102,L12,초록색,\s초록색/NN.
KOR102,L12,주황색,\s주황색/NN.
KOR102,L12,분홍색,\s분홍색/NN.
KOR102,L12,보라색,\s보라색/NN.
KOR102,L12,갈색,\s갈색/NN.
KOR102,L12,회색,\s회색/NN.
KOR102,L13,도시,\s도시/NN.
KOR102,L13,몸조리,\s몸조리/NN.
KOR102,L13,엄마,\s엄마/NN.
KOR102,L13,감기에 걸리다,"\s감기/NNP (에/JKB )?(\w{1,3}/\w{2,3} ){0,3}걸리/VV"
KOR102,L13,돕다,\s돕/VV
KOR102,L13,바꾸다,\s바꾸/VV
KOR102,L13,빨래하다,\s빨래/NNG
KOR102,L13,부치다,\s부치/VV
KOR102,L13,비(가) 오다,"\s비/NNG (\w{1,3}/\w{2,3} ){0,3}오/VV"
KOR102,L13,빌리다,\s빌리/VV
KOR102,L13,빌려주다,\s빌리/VV 어/EC 주/VX
KOR102,L13,실례하다,\s실례/NNG
KOR102,L13,배(가) 고프다,"\s배/NNG (\w{1,3}/\w{2,3} ){0,3}고프/VA"
KOR102,L13,배(가) 고프다,\s배고프/VA
KOR102,L13,나중에,\s나중/NNG
KOR102,L13,다시,\s다시/MAG
KOR102,L13,이따가,\s오래/MAG
KOR102,L13,이젠,\s이제/NNG ㄴ/JX
KOR102,L13,얼굴,\s얼굴/NN.
KOR102,L13,입술,\s입술/NN.
KOR102,L13,가슴,\s가슴/NN.
KOR102,L13,등,\s등/NN.
KOR102,L13,키,\s키/NN.
KOR102,L13,머리,\s머리/NN.
KOR102,L13,눈,\s눈/NN.
KOR102,L13,귀,\s귀/NN.
KOR102,L13,코,\s코/NN.
KOR102,L13,입,\s입/NN.
KOR102,L13,이,\s이/NN.
KOR102,L13,턱,\s턱/NN.
KOR102,L13,목,\s목/NN.
KOR102,L13,어깨,\s어깨/NN.
KOR102,L13,팔,\s팔/NN.
KOR102,L13,손,\s손/NN.
KOR102,L13,배,\s배/NN.
KOR102,L13,다리,\s다리/NN.
KOR102,L13,허리,\s허리/NN.
KOR102,L13,발,\s발/NN.
KOR102,L13,그동안,\s그동안/NN.
KOR102,L13,뉴스,\s뉴스/NN.
KOR102,L13,메시지,\s메시지/NN.
KOR102,L13,물가,\s물가/NN.
KOR102,L13,반,\s반/NN.
KOR102,L13,발,\s발/NN.
KOR102,L13,비,\s비/NN.
KOR102,L13,신발,\s신발/NN.
KOR102,L13,인터뷰,\s인터뷰/NN.
KOR102,L13,새,\s새/MM
KOR102,L13,시끄럽다,\s시끄럽/VA
KOR102,L13,남기다,\s남기/VV
KOR102,L13,돈이 들다,"돈/NNG (\w{1,3}/\w{2,3} ){0,3}들/VV"
KOR102,L13,들어가다,\s들어가/VV
KOR102,L13,부탁하다,\s부탁/NN.
KOR102,L13,그만,\s그만/MAG
KOR102,L13,때문에,\s때문/NNB
KOR102,L13,잠깐만,\s잠깐/NNP
KOR102,L14,공항,\s공항/NN.
KOR102,L14,기사,\s기사/NN.
KOR102,L14,길,\s길/NN.
KOR102,L14,모레,\s모레/NN.
KOR102,L14,손님,\s손님/NN.
KOR102,L14,아저씨,\s아저씨/NN.
KOR102,L14,안부,\s안부/NN.
KOR102,L14,연락,\s연락/NN.
KOR102,L14,인천,\s인천/NN.
KOR102,L14,전,\s전/NN.
KOR102,L14,후,\s후/NN.
KOR102,L14,휴일,\s휴일/NN.
KOR102,L14,적어도,\s적어도/MAG
KOR102,L14,빨리,\s빨리/MAG
KOR102,L14,건너다,\s건너/VV
KOR102,L14,(돈을) 내다,"돈/NNG (\w{1,3}/\w{2,3} ){0,3}내/VV"
KOR102,L14,수고하다,\s수고하다/NN.
KOR102,L14,운전하다,\s운전하다/NN.
KOR102,L14,전하다,\s전하/VV
KOR102,L14,게임,\s게임/NN.
KOR102,L14,계단,\s계단/NN.
KOR102,L14,곳,\s곳/NN.
KOR102,L14,노래방,\s노래방/NN.
KOR102,L14,목소리,\s목소리/NN.
KOR102,L14,엘리베이터,\s엘리베이터/NN.
KOR102,L14,웬일,\s웬일/NN.
KOR102,L14,정류장,\s정류장/NN.
KOR102,L14,출구,\s출구/NN.
KOR102,L14,큰아버지,\s큰아버지/NN.
KOR102,L14,택시비,\s택시비/NN.
KOR102,L14,휴게실,\s휴게실/NN.
KOR102,L14,더,\s더/MAG
KOR102,L14,배(가) 부르다,"\s배/NNG (\w{1,3}/\w{2,3} ){0,3}부르/"
KOR102,L14,배(가) 부르다,\s배부르/VA
KOR102,L14,적다,\s적/VA
KOR102,L14,(노래를) 부르다,\s건너/VV
KOR102,L14,도착하다,\s도착/NN.
KOR102,L14,마중,\s마중/NN.
KOR102,L14,목(이) 마르다,"\s목/NNG (\w{1,3}/\w{2,3} ){0,3}부르/"
KOR102,L14,목(이) 마르다,\s목마르/VA
KOR102,L14,졸다,\s졸/VV
KOR102,L15,까만색,\s까만색/NN.
KOR102,L15,사이즈,\s사이즈/NN.
KOR102,L15,세일,\s세일/NN.
KOR102,L15,양말,\s양말/NN.
KOR102,L15,운동화,\s운동화/NN.
KOR102,L15,점원,\s점원/NN.
KOR102,L15,금방,\s금방/MAG
KOR102,L15,어서,\s어서/MAG
KOR102,L15,켤레,\s켤레/NN.
KOR102,L15,갈아 입다,\s갈아입/VV
KOR102,L15,갈아 입다,\s갈/VV 아/EC 입/V.
KOR102,L15,갈아 타다,\s갈아타/VV
KOR102,L15,갈아 타다,\s갈/VV 아/EC 타/V.
KOR102,L15,갖고 가다,\s갖/VV 고/EC 가/V.
KOR102,L15,갖고 오다,\s갖/VV 고/EC 오/V.
KOR102,L15,갖고 다니다,\s갖/VV 고/EC 다니/V.
KOR102,L15,갖다 놓다,\s갖/VV 다/EC 놓/V.
KOR102,L15,갖다 주다/드리다,\s갖/VV 다/EC 주/V.
KOR102,L15,걸어가다,\s걸어가/VV
KOR102,L15,걸어가다,\s걷/VV 어/EC 가/V.
KOR102,L15,걸어오다,\s걸어오/VV
KOR102,L15,걸어오다,\s걷/VV 어/EC 오/V.
KOR102,L15,걸어다니다,\s걷/VV 어/EC 다니/V.
KOR102,L15,돌아가다/오다,\s돌아(가|오)/VV
KOR102,L15,돌아가다/오다,\s돌/VV 아/EC (가|오)/V.
KOR102,L15,타고 가다,\s타/VV 고/EC 가/V.
KOR102,L15,타고 오다,\s타/VV 고/EC 오/V.
KOR102,L15,타고 다니다,\s타/VV 고/EC 다니/V.
KOR102,L15,거리,\s거리/NN.
KOR102,L15,계획(하다),\s계획/NN.
KOR102,L15,등산(하다),\s등산/NN.
KOR102,L15,목욕(하다),\s목욕/NN.
KOR102,L15,문,\s문/NN.
KOR102,L15,샤워(하다),\s샤워/NN.
KOR102,L15,잡지,\s잡지/NN.
KOR102,L15,졸업(하다),\s졸업/NN.
KOR102,L15,화장실,\s화장실/NN.
KOR102,L15,별로,\s별로/MAG
KOR102,L15,제일,\s제일/NN.
KOR102,L15,구경하다,\s구경/NN.
KOR102,L15,고르다,\s고르/VV
KOR102,L15,세수하다,\s세수/NN.
KOR102,L15,손(을) 씻다,"\s손/NNG (\w{1,3}/\w{2,3} ){0,3}씻/VV"
KOR102,L15,열다,\s열/VV
KOR102,L15,이(를) 닦다,"\s이/N..? (\w{1,3}/\w{2,3} ){0,3}닦/VV"
KOR102,L15,가끔,\s가끔/MAG
KOR102,L15,자주,\s자주/MAG
KOR102,L15,날마다,\s날/NN. 마다/JX
KOR102,L15,시장,\s시장/NN.
KOR102,L15,등,\s등/NN.
KOR102,L15,물건,\s물건/NN.
KOR102,L15,가격,\s가격/NN.
KOR102,L15,김밥,\s김밥/NN.
KOR102,L16,과자,\s과자/NN.
KOR102,L16,냉면,\s냉면/NN.
KOR102,L16,라면,\s라면/NN.
KOR102,L16,밥,\s밥/NN.
KOR102,L16,볼링,\s볼링/NN.
KOR102,L16,비빔밥,\s비빔밥/NN.
KOR102,L16,순두부찌개,\s순두부찌개/NN.
KOR102,L16,육개장,\s육개장/NN.
KOR102,L16,음식점,\s음식점/NN.
KOR102,L16,자리,\s자리/NN.
KOR102,L16,종업원,\s종업원/NN.
KOR102,L16,케이크,\s케이크/NN.
KOR102,L16,물어보다,\s물어보/VV
KOR102,L16,물어보다,\s묻/VV 어/EC 보/V.
KOR102,L16,싫어하다,\s싫어하/VV
KOR102,L16,주문하다,\s주문하다/NN.
KOR102,L16,뜨겁다,\s뜨겁/VA
KOR102,L16,시원하다,\s시원/XR
KOR102,L16,싫다,\s싫/VA
KOR102,L16,차다,\s차/V.
KOR102,L16,값,\s값/NN.
KOR102,L16,계산서,\s계산서/NN.
KOR102,L16,김치,\s김치/NN.
KOR102,L16,녹차,\s녹차/NN.
KOR102,L16,된장찌개,\s된장찌개/NN.
KOR102,L16,메뉴,\s메뉴/NN.
KOR102,L16,반찬,\s반찬/NN.
KOR102,L16,샌드위치,\s샌드위치/NN.
KOR102,L16,식사(하다),\s식사(하다)/NN.
KOR102,L16,음료수,\s음료수/NN.
KOR102,L16,중(에서),\s중/NNB
KOR102,L16,피자,\s피자/NN.
KOR102,L16,놓아 주다/드리다,\s놓아(주|드리)/VV
KOR102,L16,놓아 주다/드리다,\s놓/V. 아/EC (주|드리)/V.
KOR102,L16,돌려 주다/드리다,\s돌려(주|드리)/VV
KOR102,L16,돌려 주다/드리다,\s돌리/V. 어/EC (주|드리)/V.
KOR102,L16,시키다,\s시키/VV
KOR102,L16,잘라 주다/드리다,\s자르/VV 아/EC (주|드리)/V.
KOR102,L16,달다,\s다/V.
KOR102,L16,맵다,\s맵/VA
KOR102,L16,않다,\s않/VX
KOR102,L16,짜다,\s짜/V.
KOR102,L16,맛,\s맛/NN.
KOR102,L16,싱겁다,\s싱겁/VA
KOR102,L16,쓰다,\s쓰/V.
KOR102,L16,시다,\s시/VA
KOR102,L16,고추장,\s고추장/NN.
KOR102,L16,넣다,\s넣/VV
KOR102,L16,전부,\s전부/MAG
KOR105,L01,공기,\s공기/NN.
KOR105,L01,구름,\s구름/NN.
KOR105,L01,기온,\s기온/NN.
KOR105,L01,낮,\s낮/NN.
KOR105,L01,단풍,\s단풍/NN.
KOR105,L01,야외,\s야외/NN.
KOR105,L01,외국어,\s외국어/NN.
KOR105,L01,음식값,\s음식/NNG 값/NNG
KOR105,L01,장마,\s장마/NN.
KOR105,L01,전화비,\s전화비/NN.
KOR105,L01,하늘,\s하늘/NN.
KOR105,L01,기다려지다,\s기다리/VV 어/EC 지/VX
KOR105,L01,끼다,"(구름|안개)/NNP ((이|가)/JKS )?(\\b[^ ]*\\b ){,2}끼/VV"
KOR105,L01,낮아지다,\s낮/VA 어/EC 지/VX
KOR105,L01,높아지다,\s높/VA 아/EC 지/VX
KOR105,L01,내려가다,\s(내려가/VV|내리/VV 어/EC 가/VV)
KOR105,L01,올라가다,\s(올라가/VV|오르/VV 아/EC 가/VV)
KOR105,L01,되다,(?<!(게/EC)) 되/VV
KOR105,L01,시원해지다,\s시원/XR 하/XSA 아/EC 지/VX
KOR105,L01,피다,\s피/VV
KOR105,L01,낮다,\s낮/VA
KOR105,L01,맑다,\s맑/VA
KOR105,L01,지겹다,\s지겹/VA
KOR105,L01,계속,\s계속/MA.
KOR105,L01,유난히,\s유난히/MA.
KOR105,L01,시원하다,\s시원/XR
KOR105,L01,고생(하다),\s고생/NN.
KOR105,L01,난방,\s난방/NN.
KOR105,L01,데이트(하다),\s데이트/NN.
KOR105,L01,물건,\s물건/NN.
KOR105,L01,바람,\s바람/NN.
KOR105,L01,섭씨,\s섭씨/NN.
KOR105,L01,시합,\s시합/NN.
KOR105,L01,야구(하다),\s야구/NN.
KOR105,L01,야구장,\s야구장/NN.
KOR105,L01,운동장,\s운동장/NN.
KOR105,L01,일기예보,\s일기\s?예보/NN.
KOR105,L01,현재,\s현재/NN.
KOR105,L01,계속(하다/되다),\s계속/NNG [하되]/XSV
KOR105,L01,불다,\s불/VV
KOR105,L01,알리다,\s알리/VV (?!어/EC)
KOR105,L01,알려 주다,\s알리/VV 어/EC (주/VX|드리/VV)
KOR105,L01,없어지다,\s없/VA 어/EC 지/VX
KOR105,L01,추워지다,\s춥/VA 어/EC 지/VX
KOR105,L01,혼나다,\s혼나/VV
KOR105,L01,흐려지다,\s흐리/VA 어/EC 지/VX
KOR105,L01,더럽다,\s더럽/VA
KOR105,L01,두껍다,\s두껍/VA
KOR105,L01,갑자기,\s갑자기/MA.
KOR105,L01,꼭,\s꼭/MA.
KOR105,L01,대체로,\s대체로/MA.
KOR105,L01,먼저,\s먼저/MA.
KOR105,L01,굉장히,\s굉장히/MA.
KOR105,L02,구두,\s구두/NN.
KOR105,L02,굽,\s굽/NN.
KOR105,L02,단어,\s단어/NN.
KOR105,L02,마음,\s마음/NN.
KOR105,L02,반값,\s반값/NN.
KOR105,L02,반바지,\s반바지/NN.
KOR105,L02,블라우스,\s블라우스/NN.
KOR105,L02,샌들,\s샌들/NN.
KOR105,L02,원피스,\s원피스/NN.
KOR105,L02,유행(하다),\s유행/NN.
KOR105,L02,자켓,\s자켓/NN.
KOR105,L02,정가,\s정가/NN.
KOR105,L02,정장,\s정장/NN.
KOR105,L02,치마,\s치마/NN.
KOR105,L02; L08,카메라,\s카메라/NN.
KOR105,L02,현금,\s현금/NN.
KOR105,L02,벌,\s벌/NNB
KOR105,L02,닫다,\s닫/VV
KOR105,L02,(나이가) 들다,"(나이|연세)/NNG ([이가]/JKS )?(\\b[^ ]*\\b ){,2}들/VV"
KOR105,L02,(마음에) 들다,"마음/NNG 에/JKB (\\b[^ ]*\\b ){,2}들/VV"
KOR105,L02,떠나다,\s떠나/VV
KOR105,L02,벌다,\s벌/VV
KOR105,L02,외우다,\s외우/VV
KOR105,L02,높다,\s높/VA
KOR105,L02,단정하다,\s단정/XR
KOR105,L02,얇다,\s얇/VA
KOR105,L02,필요하다,\s필요/NNG
KOR105,L02,마침,\s마침/MA.
KOR105,L02,아직도,\s아직도/MA.
KOR105,L02,함께,\s함께/MA.
KOR105,L02,세일,\s세일/NN.
KOR105,L02,가격,\s가격/NN.
KOR105,L02,검정색,\s검정색/NN.
KOR105,L02,남색,\s남색/NN.
KOR105,L02,노란색,\s노란색/NN.
KOR105,L02,담배,\s담배/NN.
KOR105,L02,문제,\s문제/NN.
KOR105,L02,빨간색,\s빨간색/NN.
KOR105,L02,신용 카드,(신용카드/NNP|신용/NNG 카드/NNG)
KOR105,L02,와이셔츠,\s와이셔츠/NN.
KOR105,L02,인기,\s인기/NN.
KOR105,L02,점퍼,\s점퍼/NN.
KOR105,L02,초록색,\s초록색/NN.
KOR105,L02,티셔츠,\s티셔츠/NN.
KOR105,L02,파란색,\s파란색/NN.
KOR105,L02,하늘색,\s하늘색/NN.
KOR105,L02,흰색,\s흰색/NN.
KOR105,L02,그러면,\s그러면/MA.
KOR105,L02,뛰다,\s뛰/VV
KOR105,L02,맞다,\s맞/VV
KOR105,L02,모자라다,\s모자라/VV
KOR105,L02,바꾸다,\s바꾸/VV
KOR105,L02,어울리다,\s어울리/VV
KOR105,L02,피우다,\s피우/VV
KOR105,L02,밝다,\s밝/VA
KOR105,L02,어둡다,\s어둡/VA
KOR105,L02,천천히,\s천천히/MA.
KOR105,L03,국내선,\s국내선/NN.
KOR105,L03,국제선,\s국제선/NN.
KOR105,L03,무료,\s무료/NN.
KOR105,L03,비자,\s비자/NN.
KOR105,L03,사실,\s사실/NN.
KOR105,L03,손,\s손/NN.
KOR105,L03,여권,\s여권/NN.
KOR105,L03,여행사,\s여행사/NN.
KOR105,L03,예약,\s예약/NN.
KOR105,L03,오랫동안,\s오랫동안/NN.
KOR105,L03,왕복,\s왕복/NN.
KOR105,L03,외국,\s외국/NN.
KOR105,L03,장학금,\s장학금/NN.
KOR105,L03,짐,\s짐/NN.
KOR105,L03,출발(하다),\s출발/NN.
KOR105,L03,편도,\s편도/NN.
KOR105,L03,표,\s표/NN.
KOR105,L03,다치다,\s다치/VV
KOR105,L03,맞다,\s맞/VV
KOR105,L03,싸다,\s싸/VV
KOR105,L03,알아듣다,\s(알아듣/VV|알/VV 아/EC 듣/VV)
KOR105,L03,이해(하다/되다),\s이해/NN.
KOR105,L03,가볍다,\s가볍/VA
KOR105,L03,무겁다,\s무겁/VA
KOR105,L03,약,\s약/MM
KOR105,L03,혼자,\s혼자/MA.
KOR105,L03,걱정(하다/되다),\s걱정/NN.
KOR105,L03,경주,\s경주/NNP
KOR105,L03,경치,\s경치/NN.
KOR105,L03,기억(하다/나다),\s기억/NN.
KOR105,L03,섬,\s섬/NN.
KOR105,L03,스트레스,\s스트레스/NN.
KOR105,L03,옛날,\s옛날/NN.
KOR105,L03,절,\s절/NN.
KOR105,L03,제주도,\s제주도/NNP
KOR105,L03,호텔,\s호텔/NN.
KOR105,L03,기쁘다,\s기쁘/VA
KOR105,L03,멋있다,\s멋있/VA
KOR105,L03,아름답다,\s아름답/VA
KOR105,L03,유명하다,\s유명/XR
KOR105,L03,인상적이다,\s인상/NNG 적/XSN
KOR105,L03,남다,\s남/VV
KOR105,L03,다니다,\s다니/VV (?!어/EC)
KOR105,L03,다녀오다,\s다녀오/VV
KOR105,L03,풀다,\s풀/VV
KOR105,L03,아까,\s아까/MA.
KOR105,L03,주로,\s주로/MA.
KOR105,L03,하나도,\s하나도/MA.
KOR105,L04,계좌,\s계좌/NN.
KOR105,L04,공예품,\s공예품/NN.
KOR105,L04,몸,\s몸/NN.
KOR105,L04,병원,\s병원/NN.
KOR105,L04,성적,\s성적/NN.
KOR105,L04,세트,\s세트/NN.
KOR105,L04,소포,\s소포/NN.
KOR105,L04,수저,\s수저/NN.
KOR105,L04,숟가락,\s숟가락/NN.
KOR105,L04,신분증,\s신분증/NN.
KOR105,L04,유학생,\s유학생/NN.
KOR105,L04,인사동,\s인사동/NN.
KOR105,L04,전통,\s전통/NN.
KOR105,L04,젓가락,\s젓가락/NN.
KOR105,L04,직원,\s직원/NN.
KOR105,L04,하루 종일,\s(하루/NNG ?)?종일/NN.
KOR105,L04,학비,\s학비/NN.
KOR105,L04,생기다,\s생기/VV
KOR105,L04,잊다,\s잊/VV
KOR105,L04,졸리다,\s졸리/VV
KOR105,L04,(돈을) 찾다,"(돈|현금|원|달러|불)/NN. (을/JKO )?(\\b[^ ]*\\b ){,2}찾/VV"
KOR105,L04,익숙하다,\s익숙/XR
KOR105,L04,편안하다,\s편안/XR
KOR105,L04,우연히,\s우연히/MA.
KOR105,L04,항상,\s항상/MA.
KOR105,L04,혹시,\s혹시/MA.
KOR105,L04,시간이 되다,"시간/NN. (이/JKS )?(\\b[^ ]*\\b ){,2}되/"
KOR105,L04,고객,\s고객/NN.
KOR105,L04,등기,\s등기/NN.
KOR105,L04,보통,\s보통/NN.
KOR105,L04,사흘,\s사흘/NN.
KOR105,L04,상자,\s상자/NN.
KOR105,L04,영수증,\s영수증/NN.
KOR105,L04,우체통,\s우체통/NN.
KOR105,L04,우편,\s우편/NN.
KOR105,L04,적응(하다/되다),\s적응/NN.
KOR105,L04,정도,\s정도/NN.
KOR105,L04,졸업식,\s졸업식/NN.
KOR105,L04,종이,\s종이/NN.
KOR105,L04,주소,\s주소/NN.
KOR105,L04,핸드폰,\s핸드폰/NN.
KOR105,L04,가져가다,\s(가져가/VV|가지/VV 어/EC 가/V.)
KOR105,L04,깨지다,\s깨지/VV
KOR105,L04,도와 드리다,\s돕/VV 아/EC 드리/V.
KOR105,L04,들어 있다,\s들/VV 어/EC 있/VX
KOR105,L04; L05,사용하다,\s사용/NN.
KOR105,L04,서다,\s서/VV
KOR105,L04,적다,\s적/VA
KOR105,L04,똑같다,\s똑같/VA
KOR105,L04,비슷하다,\s비슷/XR
KOR105,L04,정확하다,\s정확/XR
KOR105,L04; L08,친하다,\s친/XR
KOR105,L04,특별하다,\s특별/XR
KOR105,L04,부치다,\s부치/VV
KOR105,L04,붙이다,\s붙이/VV
KOR105,L04,하루,\s하루/NN.
KOR105,L04,이틀,\s이틀/NN.
KOR105,L04,사흘,\s사흘/NN.
KOR105,L04,나흘,\s나흘/NN.
KOR105,L05,가구,\s가구/NN.
KOR105,L05,가구점,\s가구점/NN.
KOR105,L05,거실,\s거실/NN.
KOR105,L05,배달,\s배달/NN.
KOR105,L05,사무실,\s사무실/NN.
KOR105,L05,소개(하다),\s소개/NN.
KOR105,L05,아주머니,\s아주머니/NN.
KOR105,L05,옷장,\s옷장/NN.
KOR105,L05,원룸,\s원룸/NN.
KOR105,L05,주인,\s주인/NN.
KOR105,L05,책장,\s책장/NN.
KOR105,L05,침대,\s침대/NN.
KOR105,L05,침실,\s침실/NN.
KOR105,L05,통화(하다),\s통화/NN.
KOR105,L05,하숙방,\s하숙방/NN.
KOR105,L05,하숙비,\s하숙비/NN.
KOR105,L05,하숙집,\s하숙집/NN.
KOR105,L05,너,\s너/NP
KOR105,L05,구하다,\s구하/VV
KOR105,L05,벗다,\s벗/VV
KOR105,L05,옮기다,\s옮기/VV
KOR105,L05,부족하다,\s부족/XR
KOR105,L05,반드시,\s반드시/MA.
KOR105,L05,냉장고,\s냉장고/NN.
KOR105,L05,만화방,\s만화방/NN.
KOR105,L05,사우나,\s사우나/NN.
KOR105,L05,사투리,\s사투리/NN.
KOR105,L05,세탁기,\s세탁기/NN.
KOR105,L05,소파,\s소파/NN.
KOR105,L05,식탁,\s식탁/NN.
KOR105,L05,아르바이트,\s아르바이트/NN.
KOR105,L05,연결(하다/되다),\s연결/NN.
KOR105,L05,(운전) 면허,\s(운전/NN. ?)?면허/NN.
KOR105,L05,정리(하다/되다),\s정리/NN.
KOR105,L05,지갑,\s지갑/NN.
KOR105,L05,지방,\s지방/NN.
KOR105,L05,찜질방,\s찜질방/NN.
KOR105,L05,청소기,\s청소기/NN.
KOR105,L05,피시방,\s피시방/NN.
KOR105,L05,눕다,\s눕/VV
KOR105,L05,돌아가다,\s돌아가/VV
KOR105,L05,사귀다,\s사귀/VV
KOR105,L05,잠이 들다,"\s잠/NNG (이/JKS )?(\\b[^ ]*\\b ){,2}들/VV"
KOR105,L05,헤어지다,\s헤어지/VV
KOR105,L05,그립다,\s그립/VA
KOR105,L05,대충,\s대충/MA.
KOR105,L05,방금,\s방금/MA.
KOR105,L06,관악산,\s관악산/NNP
KOR105,L06,남산,\s남산/NNP
KOR105,L06,대중,\s대중/NN.
KOR105,L06,배터리,\s배터리/NN.
KOR105,L06,서울대입구역,\s서울대입구역/NNP
KOR105,L06,승차권,\s승차권/NN.
KOR105,L06,신호등,\s신호등/NN.
KOR105,L06,약도,\s약도/NN.
KOR105,L06,열쇠,\s열쇠/NN.
KOR105,L06,요금,\s요금/NN.
KOR105,L06,일기,\s일기/NN.
KOR105,L06,주차장,\s주차장/NN.
KOR105,L06,중간,\s중간/NN.
KOR105,L06,지하도,\s지하도/NN.
KOR105,L06,고장나다,\s고장/NN.
KOR105,L06,서두르다,\s서두르/VV
KOR105,L06,세우다,\s세우/VV
KOR105,L06,잃어버리다,\s잃어버리/VV
KOR105,L06,잡다,\s잡/VV
KOR105,L06,지키다,\s지키/VV
KOR105,L06,아쉽다,\s아쉽/VA
KOR105,L06,안전하다,\s안전/XR
KOR105,L06,중요하다,\s중요/XR
KOR105,L06,바로,\s바로/MA.
KOR105,L06,경찰,\s경찰/NN.
KOR105,L06,고속도로,\s고속도로/NN.
KOR105,L06,공사,\s공사/NN.
KOR105,L06,교통,\s교통/NN.
KOR105,L06,등산객,\s등산객/NN.
KOR105,L06,마을,\s마을/NN.
KOR105,L06,발매기,\s발매기/NN.
KOR105,L06,사고,\s사고/NN.
KOR105,L06,술,\s술/NN.
KOR105,L06,운,\s운/NN.
KOR105,L06,인도,\s인도/NN.
KOR105,L06,장소,\s장소/NN.
KOR105,L06,차도,\s차도/NN.
KOR105,L06,편의점,\s편의점/NN.
KOR105,L06,표지판,\s표지판/NN.
KOR105,L06,환승(하다),\s환승/NN.
KOR105,L06,횡단보도,\s횡단보도/NN.
KOR105,L06,(사고가) 나다,"사고/NNG (가/JKS )?(\\b[^ ]*\\b ){,2}나/VV"
KOR105,L06,늘다,\s늘/VV
KOR105,L06; L08,모이다,\s모이/VV
KOR105,L06,이용하다,\s이용/NNG
KOR105,L06,외롭다,\s외롭/VA
KOR105,L07,과일,\s과일/NN.
KOR105,L07,귤,\s귤/NN.
KOR105,L07,도둑,\s도둑/NN.
KOR105,L07,두부,\s두부/NN.
KOR105,L07,배,\s배/NN.
KOR105,L07,사과,\s사과/NN.
KOR105,L07,생선,\s생선/NN.
KOR105,L07,소리,\s소리/NN.
KOR105,L07,약,\s약/NN.
KOR105,L07,우체부,\s우체부/NN.
KOR105,L07,누가,\s누가/NP
KOR105,L07,뭐,\s뭐/NP
KOR105,L07,어디,\s어디/NP
KOR105,L07,언제,\s언제/NP
KOR105,L07,깎다,\s깎/VV
KOR105,L07,닫히다,\s닫히/VV
KOR105,L07,물다,\s물/VV
KOR105,L07,물리다,\s물리/VV
KOR105,L07,뺏기다,\s뺏기/VV
KOR105,L07,열리다,\s열리/VV
KOR105,L07,잡히다,\s잡히/VV
KOR105,L07,팔리다,\s팔리/VV
KOR105,L07,행복하다,\s행복/XR
KOR105,L07,어치,\s어치/NNP
KOR105,L07,계란,\s계란/NN.
KOR105,L07,고기,\s고기/NN.
KOR105,L07,당근,\s당근/NN.
KOR105,L07,비누,\s비누/NN.
KOR105,L07,빵,\s빵/NN.
KOR105,L07,시금치,\s시금치/NN.
KOR105,L07,시장,\s시장/NN.
KOR105,L07,야채,\s야채/NN.
KOR105,L07,양파,\s양파/NN.
KOR105,L07,우유,\s우유/NN.
KOR105,L07,잡채,\s잡채/NN.
KOR105,L07,치약,\s치약/NN.
KOR105,L07,칫솔,\s칫솔/NN.
KOR105,L07,파,\s파/NN.
KOR105,L07,편의점,\s편의점/NN.
KOR105,L07,호박,\s호박/NN.
KOR105,L07,휴지,\s휴지/NN.
KOR105,L07; L08,끓이다,\s끓이/VV
KOR105,L07,넣다,\s넣/VV
KOR105,L07,들르다,\s들르/VV
KOR105,L07,싸우다,\s싸우/VV
KOR105,L07,울다,\s울/VV
KOR105,L07,웃다,\s웃/VV
KOR105,L07,집어넣다,\s집어넣/VV
KOR105,L07,다양하다,\s다양/XR
KOR107,L08,김밥,\s김밥/NN.
KOR107,L08,낮잠,\s낮잠/NN.
KOR107,L08,동영상,\s동영상/NN.
KOR107,L08,떡볶이,\s떡볶이/NN.
KOR107,L08,문자,\s문자/NN.
KOR107,L08,아무거나,\s아무거나/NNP
KOR107,L08,재료,\s재료/NN.
KOR107,L08,초,\s초/NN.
KOR107,L08,초대(하다),\s초대/NN.
KOR107,L08,초대장,\s초대장/NN.
KOR107,L08,초콜릿,\s초콜릿/NN.
KOR107,L08,카메라,\s카메라/NN.
KOR107,L08,케이크,\s케이크/NN.
KOR107,L08,팀,\s팀/NN.
KOR107,L08,회의,\s회의/NN.
KOR107,L08,끝내다,\s끝내/VV
KOR107,L08,모이다,\s모이/VV
KOR107,L08,올리다,\s올리/VV
KOR107,L08,잊어버리다,\s잊어버리/VV
KOR107,L08,급하다,\s급하/VA
KOR107,L08,정신없다,\s정신없/VA
KOR107,L08,친하다,\s친하/VA
KOR107,L08,깜빡,\s깜빡/MA.
KOR107,L08,여태,\s여태/MA.
KOR107,L08,국,\s국/NN.
KOR107,L08,냄새,\s냄새/NN.
KOR107,L08,농담,\s농담/NN.
KOR107,L08,디저트,\s디저트/NN.
KOR107,L08,마트,\s마트/NN.
KOR107,L08,모임,\s모임/NN.
KOR107,L08,미역국,\s미역국/NN.
KOR107,L08,샴페인,\s샴페인/NN.
KOR107,L08,소원,\s소원/NN.
KOR107,L08,솜씨,\s솜씨/NN.
KOR107,L08,초인종,\s초인종/NN.
KOR107,L08,촛불,\s촛불/NN.
KOR107,L08,통화(하다),\s통화/NN. 하/V.
KOR107,L08,다행이다,\s다행/NNG 이/VCP
KOR107,L08,끄다,\s끄/VV
KOR107,L08,끓이다,\s끓이/VV
KOR107,L08,(냄새가) 나다,"냄새/NNG (가/JKS )?(\\b[^ ]*\\b ){,2}나/VV"
KOR107,L08,누르다,\s누르/VV
KOR107,L08,내다,\s내/VV
KOR107,L08,마치다,\s마치/VV
KOR107,L08,빌다,\s빌/VV
KOR107,L08,꼭,\s꼭/MA.
KOR107,L08,얼마,\s얼마/NN.
KOR107,L08,이렇게,\s이렇/VA 게/EC
KOR107,L08,전혀,\s전혀/MA.
KOR107,L09,녹음(하다/되다),\s녹음/NN.
KOR107,L09,뒷머리,\s뒷머리/NN.
KOR107,L09,드라이어,\s드라이어/NN.
KOR107,L09,롤,\s롤/NN.
KOR107,L09,무스,\s무스/NN.
KOR107,L09,미용사,\s미용사/NN.
KOR107,L09,미용실,\s미용실/NN.
KOR107,L09,샴푸,\s샴푸/NN.
KOR107,L09,스타일,\s스타일/NN.
KOR107,L09,앞머리,\s앞머리/NN.
KOR107,L09,예약(하다/되다),\s예약/NN.
KOR107,L09,이발소,\s이발소/NN.
KOR107,L09,취직(하다/되다),\s취직/NN.
KOR107,L09,파마(하다),\s파마/NN.
KOR107,L09,화장(하다),\s화장/NN.
KOR107,L09,다듬다,\s다듬/VV
KOR107,L09,떠들다,\s떠들/VV
KOR107,L09,말리다,\s말리/VV
KOR107,L09,바르다,\s바르/VV
KOR107,L09,상하다,\s상하/VV
KOR107,L09,손질하다,\s손질/NNG
KOR107,L09,자르다,\s자르/VV
KOR107,L09,굵다,\s굵/VA
KOR107,L09,자연스럽다,\s자연/NNG 스럽/XSA
KOR107,L09,살짝,\s살짝/MA.
KOR107,L09,잠시,\s잠시/MA.
KOR107,L09,앞으로,\s앞으로/MA.
KOR107,L09,면도(하다),\s면도/NN.
KOR107,L09,벌레,\s벌레/NN.
KOR107,L09,아기,\s아기/NN.
KOR107,L09,옆머리,\s옆머리/NN.
KOR107,L09,이발(하다),\s이발/NN.
KOR107,L09,이발사,\s이발사/NN.
KOR107,L09,전문,\s전문/NN.
KOR107,L09,팁,\s팁/NN.
KOR107,L09,귀찮다,\s귀찮/VA
KOR107,L09,겨우,\s겨우/MA.
KOR107,L09,당연히,\s당연히/MA.
KOR107,L09,약간,\s약간/(MAG|NNG)
KOR107,L09,감다,\s감/VV
KOR107,L09,감기다,\s감기/VV
KOR107,L09,깎다,\s깎/VV
KOR107,L09,깨다,\s깨/VV
KOR107,L09,깨우다,\s깨우/VV
KOR107,L09,먹이다,\s먹이/VV
KOR107,L09,벗기다,\s벗기/VV
KOR107,L09,타다,\s타다/VV
KOR107,L09,태우다,\s태우/VV
KOR107,L09,신기다,\s신기/VV
KOR107,L09,울리다,\s울리/VV
KOR107,L09,웃기다,\s웃기/VV
KOR107,L09,입히다,\s입히/VV
KOR107,L09,재우다,\s재우/VV
KOR107,L10,경기장,\s경기장/NN.
KOR107,L10,경험(하다),\s경험/NN.
KOR107,L10,공짜,\s공짜/NN.
KOR107,L10,마지막,\s마지막/NN.
KOR107,L10,매달,\s매달/NN.
KOR107,L10,배우,\s배우/NN.
KOR107,L10,사인,\s사인/NN.
KOR107,L10,상품,\s상품/NN.
KOR107,L10,선수,\s선수/NN.
KOR107,L10,씨름,\s씨름/NN.
KOR107,L10,여가,\s여가/NN.
KOR107,L10,야구공,\s야구공/NN.
KOR107,L10,직장,\s직장/NN.
KOR107,L10,할인,\s할인/NN.
KOR107,L10,홈련볼,\s홈련볼/NN.
KOR107,L10,씩,\s씩/XSN
KOR107,L10,(시간을) 내다,"시간/NNG (을/JKO )?(\\b[^ ]*\\b ){,2}내/VV"
KOR107,L10,부르다,\s부르/VV
KOR107,L10,쌓이다,\s쌓이/VV
KOR107,L10,잡다,\s잡/VV
KOR107,L10,타다,\s타/VV
KOR107,L10,풀리다,\s풀리/VV
KOR107,L10,그러니까,\s그러니까/MA.
KOR107,L10,날씬하다,\s날씬/XR
KOR107,L10,상쾌하다,\s상쾌/XR
KOR107,L10,이르다,\s이르/VV
KOR107,L10,감상(하다),\s감상/NN.
KOR107,L10,걔,\s걔/NP
KOR107,L10,계절 학기,\s계절(/NN. )?학기/NN.
KOR107,L10,동호회,\s동호회/NN.
KOR107,L10,모기,\s모기/NN.
KOR107,L10,예능,\s예능/NN.
KOR107,L10,월급,\s월급/NN.
KOR107,L10,정보,\s정보/NN.
KOR107,L10,채널,\s채널/NN.
KOR107,L10,출근(하다),\s출근/NN.
KOR107,L10,퇴근(하다),\s퇴근/NN.
KOR107,L10,티비,\s티비/NN.
KOR107,L10,프로(그램),\s프로/NN. (그램/NN.)?
KOR107,L10,학점,\s학점/NN.
KOR107,L10,다양하다,\s다양/XR
KOR107,L10,새롭다,\s새롭/VA
KOR107,L10,커다랗다,\s커다랗/VA
KOR107,L10,겹치다,\s겹치/VV
KOR107,L10,돌리다,\s돌리/VV
KOR107,L10,틀다,\s틀/VV
KOR107,L10,(밤을) 새우다,\s새우/VV
KOR107,L10,쓰러지다,\s쓰러지/VV
KOR107,L10,얻다,\s얻/VV
KOR107,L10,아무리,\s아무리/MA.
KOR107,L10,언제나,\s언제나/MA.
KOR107,L10,점점,\s점점/MA.
KOR107,L10,하나도,\s하나/NR 도/JK
KOR107,L11,그릇,\s그릇/NN.
KOR107,L11,놀이공원,\s놀이(/NN. )?공원/NN.
KOR107,L11,떡국,\s떡국/NN.
KOR107,L11,명절,\s명절/NN.
KOR107,L11,민속촌,\s민속촌/NN.
KOR107,L11,방송,\s방송/NN.
KOR107,L11,복,\s복/NN.
KOR107,L11,새해,\s새해/NN.
KOR107,L11,설날,\s설날/NN.
KOR107,L11,세배,\s세배/NN.
KOR107,L11,세뱃돈,\s세뱃돈/NN.
KOR107,L11,윷놀이,\s윷놀이/NN.
KOR107,L11,입시,\s입시/NN.
KOR107,L11,차례,\s차례/NN.
KOR107,L11,친척,\s친척/NN.
KOR107,L11,표정,\s표정/NN.
KOR107,L11,합격(하다),\s합격/NN.
KOR107,L11,놀러가다,\s(놀러 ?가/VV|놀/VV 러/EC 가/VX)
KOR107,L11,놀러오다,\s(놀러 ?오/VV|놀/VV 러/EC 오/VX)
KOR107,L11,들어가다,\s들어가/VV
KOR107,L11,원하다,\s원하/VV
KOR107,L11,지내다,\s지내/VV
KOR107,L11,또,\s또/MA.
KOR107,L11,제대로,\s제대로/MA.
KOR107,L11,밝다,\s밝/VA
KOR107,L11,떡,\s떡/NN.
KOR107,L11,반달,\s반달/NN.
KOR107,L11,법대,\s법대/NN.
KOR107,L11,소식,\s소식/NN.
KOR107,L11,송편,\s송편/NN.
KOR107,L11,어린이,\s어린이/NN.
KOR107,L11,연휴,\s연휴/NN.
KOR107,L11,영업,\s영업/NN.
KOR107,L11,의대,\s의대/NN.
KOR107,L11,전국,\s전국/NN.
KOR107,L11,조상,\s조상/NN.
KOR107,L11,추석,\s추석/NN.
KOR107,L11,추수,\s추수/NN.
KOR107,L11,행사,\s행사/NN.
KOR107,L11,한산하다,\s한산/XR
KOR107,L11,벗어나다,\s벗어나/VV
KOR107,L11,붐비다,\s붐비/VV
KOR107,L11,생기다,\s생기/VV
KOR107,L11,앞두다,\s앞두/VV
KOR107,L11,차다,\s차다/VV
KOR107,L11,꽉,\s꽉/MA.
KOR107,L11,대부분,\s대부분/NN.
KOR107,L11,절대,\s절대/MA.
KOR107,L11,아무,\s아무/MM
KOR107,L11,처럼,\s처럼/JKB
KOR107,L12,기침(하다),\s기침/NN.
KOR107,L12,닷새,\s닷새/NN.
KOR107,L12,독감,\s독감/NN.
KOR107,L12,목,\s목/NN.
KOR107,L12,병,\s병/NN.
KOR107,L12,병원,\s병원/NN.
KOR107,L12,보름,\s보름/NN.
KOR107,L12,소화,\s소화/NN.
KOR107,L12,식후,\s식후/NN.
KOR107,L12,약,\s약/NN.
KOR107,L12,약사,\s약사/NN.
KOR107,L12,열,\s열/NN.
KOR107,L12,열흘,\s열흘/NN.
KOR107,L12,증상,\s증상/NN.
KOR107,L12,진찰(하다),\s진찰/NN.
KOR107,L12,처방(하다),\s처방/NN.
KOR107,L12,휴식,\s휴식/NN.
KOR107,L12,꺼내다,\s꺼내/VV
KOR107,L12,위하다,\s위하/VV
KOR107,L12,지키다,\s지키/VV
KOR107,L12,불편하다,\s불편/NNG
KOR107,L12,심하다,\s심하/VA
KOR107,L12,따로,\s따로/MA.
KOR107,L12,푹,\s푹/MA.
KOR107,L12,치,\s치/NNB
KOR107,L12,관계,\s관계/NN.
KOR107,L12,느낌,\s느낌/NN.
KOR107,L12,다이어트,\s다이어트/NN.
KOR107,L12,문병(하다),\s문병/NN.
KOR107,L12,소문,\s소문/NN.
KOR107,L12,안전벨트,\s안전벨트/NN.
KOR107,L12,위,\s위/NN.
KOR107,L12,이상,\s이상/NN.
KOR107,L12,입원(하다),\s입원/NN.
KOR107,L12,치료(하다),\s치료/NN.
KOR107,L12,퇴원(하다),\s퇴원/NN.
KOR107,L12,팔,\s팔/NN.
KOR107,L12,허리,\s허리/NN.
KOR107,L12,낫다,\s낫/VV
KOR107,L12,놀라다,\s놀라/VV
KOR107,L12,떨어지다,\s떨어지/VV
KOR107,L12,생기다,\s생기/VV
KOR107,L12,줄이다,\s줄이/VV
KOR107,L12,피하다,\s피하/VV
KOR107,L12,가능하다,\s가능/XR
KOR107,L12,규칙적이다,\s규칙/NNG 적/XSN
KOR107,L12,깊다,\s깊/VA
KOR107,L12,적당하다,\s적당/XR
KOR107,L12,젊다,\s젊/VA
KOR107,L12,거의,\s거의/MA.
KOR107,L12,되도록,\s되도록/MA.
KOR107,L12,지속적으로,\s지속/NNG 적/XSN
KOR107,L13,논문,\s논문/NN.
KOR107,L13,대신,\s대신/NNG
KOR107,L13,동창,\s동창/NN.
KOR107,L13,뜻,\s뜻/NN.
KOR107,L13,문명,\s문명/NN.
KOR107,L13,발달(하다),\s발달/NN.
KOR107,L13,발음,\s발음/NN.
KOR107,L13,방법,\s방법/NN.
KOR107,L13,실력,\s실력/NN.
KOR107,L13,실수(하다),\s실수/NN.
KOR107,L13,의미(하다),\s의미/NN.
KOR107,L13,인간,\s인간/NN.
KOR107,L13,정,\s정/NN.
KOR107,L13,차이,\s차이/NN.
KOR107,L13,한자,\s한자/NN.
KOR107,L13,한자어,\s한자어/NN.
KOR107,L13,회식,\s회식/NN.
KOR107,L13,나누다,\s나누/VV
KOR107,L13,늘다,\s늘/VV
KOR107,L13,빠지다,\s빠지/VV
KOR107,L13,(살이) 찌다,\s찌/VV
KOR107,L13,일어서다,\s일어서/VV
KOR107,L13,시간이 지나다,\s지나/VV
KOR107,L13,궁금하다,\s궁금/NNG
KOR107,L13,왜냐하면,\s왜냐하면/MAJ
KOR107,L13,만큼,\s만큼/NNB
KOR107,L13,과제,\s과제/NN.
KOR107,L13,관련,\s관련/NN.
KOR107,L13,동아리,\s동아리/NN.
KOR107,L13,목욕탕,\s목욕탕/NN.
KOR107,L13,반말(하다),\s반말/NN.
KOR107,L13,밤새,\s밤새/NN.
KOR107,L13,별일,\s별일/NN.
KOR107,L13,부부,\s부부/NN.
KOR107,L13,불,\s불/NN.
KOR107,L13,식구,\s식구/NN.
KOR107,L13,이웃,\s이웃/NN.
KOR107,L13,자녀,\s자녀/NN.
KOR107,L13,점,\s점/NN.
KOR107,L13,지각(하다),\s지각/NN.
KOR107,L13,찻길,\s찻길/NN.
KOR107,L13,놓치다,\s놓치/VV
KOR107,L13,당황하다,\s당황/NNG
KOR107,L13,맞추다,\s맞추/VV
KOR107,L13,변하다,\s변하/VV
KOR107,L13,잠들다,\s잠들/VV
KOR107,L13,이상하다,\s이상/XR
KOR107,L13,다행히,\s다행히/MA.
KOR107,L13,하마터면,\s하마터면/MA.
KOR107,L13,함께,\s함께/MA.
KOR107,L14,경쟁(하다),\s경쟁/NN.
KOR107,L14,고민(하다/되다),\s고민/NN.
KOR107,L14,공고,\s공고/NN.
KOR107,L14,과정,\s과정/NN.
KOR107,L14,기자,\s기자/NN.
KOR107,L14,면접,\s면접/NN.
KOR107,L14,별,\s별/NN.
KOR107,L14,사회,\s사회/NN.
KOR107,L14,인생,\s인생/NN.
KOR107,L14,재수(하다),\s재수/NN.
KOR107,L14,적성,\s적성/NN.
KOR107,L14,직업,\s직업/NN.
KOR107,L14,필기 시험,\s필기(/NN. )?시험/NN.
KOR107,L14,학원,\s학원/NN.
KOR107,L14,후회(하다),\s후회/NN.
KOR107,L14,넘다,\s넘/VV
KOR107,L14,따다,\s따/VV
KOR107,L14,떨어지다,\s떨어지/VV
KOR107,L14,붙다,\s붙/VV
KOR107,L14,뽑다,\s뽑/VV
KOR107,L14,지원하다,\s지원/NN.
KOR107,L14,미끄럽다,\s미끄럽/VA
KOR107,L14,현명하다,\s현명/NNG
KOR107,L14,마치,\s마치/MA.
KOR107,L14,고3,\s고3/NN.
KOR107,L14,글,\s글/NN.
KOR107,L14,마음씨,\s마음씨/NN.
KOR107,L14,면접관,\s면접관/NN.
KOR107,L14,면접장,\s면접장/NN.
KOR107,L14,문학,\s문학/NN.
KOR107,L14,본인,\s본인/NN.
KOR107,L14,부전공,\s부전공/NN.
KOR107,L14,분야,\s분야/NN.
KOR107,L14,삼촌,\s삼촌/NN.
KOR107,L14,선택(하다),\s선택/NN.
KOR107,L14,시사,\s시사/NN.
KOR107,L14,입학(하다),\s입학/NN.
KOR107,L14,자기 소개,\s자기 소개/NN.
KOR107,L14,자리,\s자리/NN.
KOR107,L14,작가,\s작가/NN.
KOR107,L14,재학 중,\s재학/NNG 중/NNB
KOR107,L14,추천(하다),\s추천/NN.
KOR107,L14,관련되다,\s관련/NN. 되/XSV
KOR107,L14,기억나다,\s기억/NN.
KOR107,L14,무시하다,\s무시/NNG
KOR107,L14,(적성을) 살리다,"(적성|전공)/NNG (을/JKO )?(\\b[^ ]*\\b ){,2}살리/VV"
KOR107,L14,생각나다,"생각(나/VV|/NNG (이/JKS )?(\\b[^ ]*\\b ){,2}나/VV)"
KOR107,L14,잘못하다,\s잘못/NNG
KOR107,L14,마르다,\s마르/VV
KOR107,L14,웬만하면,\s웬만/XR 하/XSA
KOR107,L14,같이,\s같이/MAG